BHK_N_TYPE,PROPERTY_LOCATION,PROPERTY_PRICE,FURNISHING,FLOOR,AREA,OWNERSHIP,BATHROOM,FACING,STATUS,IMAGE
2 BHK Apartment / Flat for Sale,"GH 13 Paschim Vihar, New Delhi",1.25Cr,Semi Furnished,1st of 4 Floor,1200 Sq Ft.,Freehold,2,North-East,Ready to Move,https://www.propertiesguru.com/media/images/nopropertyimage.jpg
2 BHK Apartment / Flat for Sale,"Okhla Phase 1, New Delhi",4.81Cr,Semi Furnished,9th of 29 Floor,2234 Sq Ft.,Freehold,2,North-East,Under Construction,https://www.propertiesguru.com/media/property/5355/building/small-65d55b2f-c545-43e3-a32b-57add9b77653.jpg
2 BHK Apartment / Flat for Sale,"Chirag Delhi, New Delhi",45Lac,Semi Furnished,1st of 4 Floor,80 Sq Yd.,Freehold,2,South,Ready to Move,https://www.propertiesguru.com/media/images/nopropertyimage.jpg
2 BHK Apartment / Flat for Sale,"Okhla Phase 1, New Delhi",4.82Cr,Semi Furnished,9th of 29 Floor,2234 Sq Ft.,Freehold,2,North-East,Under Construction,https://www.propertiesguru.com/media/property/5330/building/small-39ec30b1-bb1f-4857-bf64-1dd73e6a86b7.jpg
2 BHK Studio Apartment for Sale,"Paschim Vihar, New Delhi",1.2Cr,Fully Furnished,3rd of 4 Floor,1000 Sq Ft.,Freehold,2,East,Ready to Move,https://www.propertiesguru.com/media/images/nopropertyimage.jpg
2 BHK Apartment / Flat for Sale,"Paschim Vihar, New Delhi",1.2Cr,Semi Furnished,4th of 4 Floor,1200 Sq Ft.,Freehold,2,South-East,Ready to Move,https://www.propertiesguru.com/media/images/nopropertyimage.jpg
2 BHK Apartment / Flat for Sale,"Paschim Vihar, New Delhi",1.6Cr,Semi Furnished,1st of 4 Floor,1200 Sq Ft.,Freehold,3,South-East,Ready to Move,https://www.propertiesguru.com/media/images/nopropertyimage.jpg
2 BHK Apartment / Flat for Sale,"Moti Nagar, New Delhi",1.55Cr,Semi Furnished,14th of 26 Floor,1387 Sq Ft.,Freehold,2,North-East,Ready to Move,https://www.propertiesguru.com/media/property/5006/building/small-download.jpg
2 BHK Apartment / Flat for Sale,"Govindpuri Main, New Delhi",30Lac,Semi Furnished,1st of 4 Floor,900 Sq Yd.,Freehold,2,East,Ready to Move,https://www.propertiesguru.com/media/property/4983/building/small-img20200608142700.jpg
2 BHK Apartment / Flat for Sale,"Okhla Phase 1, New Delhi",4.49Cr,Semi Furnished,18th of 29 Floor,2234 Sq Ft.,Freehold,2,North-East,Under Construction,https://www.propertiesguru.com/media/property/4903/building/small-fb298e28-02bf-4058-8f67-3037a15865bd.jpg
2 BHK Apartment / Flat for Sale,"Moti Nagar, New Delhi",1.55Cr,Semi Furnished,14th of 26 Floor,1387 Sq Ft.,Freehold,2,North-East,Ready to Move,https://www.propertiesguru.com/media/property/4870/building/small-images.jpg
2 BHK Apartment / Flat for Sale,"Moti Nagar, New Delhi",1.55Cr,Semi Furnished,6th of 26 Floor,1387 Sq Ft.,Freehold,2,North-East,Ready to Move,https://www.propertiesguru.com/media/images/nopropertyimage.jpg
2 BHK Apartment / Flat for Sale,"Moti Nagar, New Delhi",1.55Cr,Semi Furnished,3rd of 26 Floor,1387 Sq Ft.,Freehold,2,North-East,Ready to Move,https://www.propertiesguru.com/media/images/nopropertyimage.jpg
2 BHK Apartment / Flat for Sale,"Moti Nagar, New Delhi",1.55Cr,Semi Furnished,13th of 26 Floor,1387 Sq Ft.,Freehold,2,North-East,Ready to Move,https://www.propertiesguru.com/media/property/4769/building/small-40594c06-48da-4a6e-83b5-298ae576de5e.jpg
2 BHK Apartment / Flat for Sale,"Keshav Puram, New Delhi",15Lac,Semi Furnished,1st of 4 Floor,500 Sq Ft.,Power of Attorney,2,North,Ready to Move,https://www.propertiesguru.com/media/images/nopropertyimage.jpg
2 BHK Apartment / Flat for Sale,"Chirag Delhi, New Delhi",12Lac,Semi Furnished,1st of 3 Floor,40 Sq Yd.,Power of Attorney,1,South,Ready to Move,https://www.propertiesguru.com/media/images/nopropertyimage.jpg
2 BHK Apartment / Flat for Sale,"Paschim Vihar, New Delhi",1.35Cr,Unfurnished,1st of 4 Floor,1200 Sq Ft.,Freehold,2,South-East,Ready to Move,https://www.propertiesguru.com/media/images/nopropertyimage.jpg
2 BHK Apartment / Flat for Sale,"Dwarka Sector 12, New Delhi",1.15Cr,Unfurnished,3rd of 10 Floor,1100 Sq Ft.,Freehold,2,East,Ready to Move,https://www.propertiesguru.com/media/property/1795/building/small-img20131009132937.jpg
2 BHK Apartment / Flat for Sale,"Connaught Place, New Delhi",4Cr,Unfurnished,4th of 10 Floor,1450 Sq Ft.,Leasehold,3,North-East,Ready to Move,https://www.propertiesguru.com/media/property/1699/building/small-download.jpg
2 BHK Apartment / Flat for Sale,"Paschim Vihar, New Delhi",85Lac,Semi Furnished,2nd of 4 Floor,750 Sq Ft.,Freehold,2,East,Ready to Move,https://www.propertiesguru.com/media/property/1604/building/small-img20191103171017.jpg
2 BHK Studio Apartment for Sale,"Paschim Vihar, New Delhi",1.55Cr,Unfurnished,2nd of 4 Floor,1000 Sq Ft.,Freehold,2,East,Ready to Move,https://www.propertiesguru.com/media/images/nopropertyimage.jpg
2 BHK Apartment / Flat for Sale,"Dwarka Mor, New Delhi",85Lac,Fully Furnished,Ground of 1 Floor,62.24 Sq Mtr.,Freehold,2,East,Ready to Move,https://www.propertiesguru.com/media/images/nopropertyimage.jpg
2 BHK Apartment / Flat for Sale,"Paschim Vihar, New Delhi",1.45Cr,Unfurnished,Ground of 4 Floor,1200 Sq Ft.,Freehold,2,North,Ready to Move,https://www.propertiesguru.com/media/images/nopropertyimage.jpg
2 BHK Studio Apartment for Sale,"Paschim Vihar, New Delhi",95Lac,Semi Furnished,3rd of 3 Floor,1200 Sq Ft.,Freehold,2,East,Ready to Move,https://www.propertiesguru.com/media/images/nopropertyimage.jpg
