BHK_N_TYPE,PROPERTY_LOCATION,PROPERTY_PRICE,FURNISHING,FLOOR,AREA,OWNERSHIP,BATHROOM,FACING,STATUS,IMAGE
3 BHK Apartment / Flat for Sale,"GH 13 Paschim Vihar, New Delhi",1.7Cr,Semi Furnished,1st of 4 Floor,1200 Sq Ft.,Freehold,2,South-East,Ready to Move,https://www.propertiesguru.com/media/images/nopropertyimage.jpg
3 BHK Apartment / Flat for Sale,"Dwarka Sector 7, New Delhi",85Lac,Unfurnished,Ground of 3 Floor,1300 Sq Ft.,Co-Operative Society,2,North,Under Construction,https://www.propertiesguru.com/media/property/5542/building/small-20201021210652.jpg
3 BHK Apartment / Flat for Sale,"Karampura, New Delhi",1.78Cr,Semi Furnished,10th of 26 Floor,1581 Sq Ft.,Freehold,2,North-East,Ready to Move,https://www.propertiesguru.com/media/property/5377/building/small-download.jpg
3 BHK Apartment / Flat for Sale,"New Friends Colony, New Delhi",3.5Cr,Semi Furnished,Ground of 4 Floor,250 Sq Yd.,Freehold,3,South-East,Ready to Move,https://www.propertiesguru.com/media/images/nopropertyimage.jpg
3 BHK Apartment / Flat for Sale,"Moti Nagar, New Delhi",1.78Cr,Semi Furnished,11th of 26 Floor,1581 Sq Ft.,Freehold,3,North-East,Ready to Move,https://www.propertiesguru.com/media/property/5079/building/small-download.jpg
3 BHK Apartment / Flat for Sale,"Moti Nagar, New Delhi",1.78Cr,Unfurnished,6th of 26 Floor,1581 Sq Ft.,Freehold,2,North-East,Ready to Move,https://www.propertiesguru.com/media/property/4953/building/small-download.jpg
3 BHK Apartment / Flat for Sale,"Moti Nagar, New Delhi",1.88Cr,Semi Furnished,12th of 26 Floor,1600 Sq Ft.,Freehold,2,North-East,Ready to Move,https://www.propertiesguru.com/media/property/4911/building/small-download.jpg
3 BHK Apartment / Flat for Sale,"Okhla Phase 1, New Delhi",4.49Cr,Semi Furnished,5th of 29 Floor,2234 Sq Ft.,Freehold,2,North-East,Under Construction,https://www.propertiesguru.com/media/property/4900/building/small-0d47b5dd-a04d-4210-833a-be7fd3f6adb3.jpg
3 BHK Apartment / Flat for Sale,"Delhi Cantonment, New Delhi",1.78Cr,Semi Furnished,8th of 26 Floor,1581 Sq Ft.,Power of Attorney,2,North-East,Ready to Move,https://www.propertiesguru.com/media/property/4815/building/small-dlf-capital-greens-copy.jpg
3 BHK Apartment / Flat for Sale,"Gurgaon Faridabad Road, New Delhi",85Lac,Semi Furnished,2nd of 10 Floor,1500 Sq Ft.,Freehold,3,North-East,Ready to Move,https://www.propertiesguru.com/media/property/3144/building/small-paras-apartments-faridabad.jpg
3 BHK Studio Apartment for Sale,"Paschim Vihar, New Delhi",45Lac,Unfurnished,1st of 1 Floor,500 Sq Ft.,Freehold,3,East,Ready to Move,https://www.propertiesguru.com/media/images/nopropertyimage.jpg
3 BHK Apartment / Flat for Sale,"Dwarka Sector 3, New Delhi",1.33Cr,Semi Furnished,5th of 9 Floor,1900 Sq Ft.,Freehold,3,East,Ready to Move,https://www.propertiesguru.com/media/property/2433/building/small-download.jpg
3 BHK Apartment / Flat for Sale,"Dwarka, New Delhi",1.44Cr,Semi Furnished,3rd of 10 Floor,1550 Sq Ft.,Freehold,3,East,Ready to Move,https://www.propertiesguru.com/media/property/2307/building/small-whatsapp-image-2019-06-01-at-50321-pm.jpeg
3 BHK Apartment / Flat for Sale,"Dwarka, New Delhi",41.5Lac,Semi Furnished,2nd of 16 Floor,1000 Sq Ft.,Co-Operative Society,3,West,Under Construction,https://www.propertiesguru.com/media/property/1800/building/small-1574690633743455900615110827373.jpg
3 BHK Apartment / Flat for Sale,"Dwarka Sector 7, New Delhi",1.75Cr,Semi Furnished,2nd of 8 Floor,1885 Sq Ft.,Freehold,2,North-East,Ready to Move,https://www.propertiesguru.com/media/property/1359/building/small-img-20120519-00351.jpg
3 BHK Apartment / Flat for Sale,"Karol Bagh, New Delhi",2.75Cr,Semi Furnished,1st of 11 Floor,1900 Sq Ft.,Freehold,3,North,Under Construction,https://www.propertiesguru.com/media/property/1347/building/small-amaryllis-karol-bagh-new-delhi-.jpg
3 BHK Apartment / Flat for Sale,"Karol Bagh, New Delhi",2.55Cr,Semi Furnished,5th of 11 Floor,1775 Sq Ft.,Freehold,3,North,Under Construction,https://www.propertiesguru.com/media/property/1342/building/small-new-unity-2.jpg
3 BHK Apartment / Flat for Sale,"Dwarka Sector 10, New Delhi",1.25Cr,Semi Furnished,3rd of 3 Floor,1465 Sq Ft.,Freehold,3,North-East,Ready to Move,https://www.propertiesguru.com/media/property/1177/building/small-a7.jpg
3 BHK Apartment / Flat for Sale,"Commonwealth Games Village 2010, New Delhi",3.55Cr,Semi Furnished,4th of 6 Floor,1850 Sq Ft.,Freehold,3,North-East,Ready to Move,https://www.propertiesguru.com/media/property/1154/livingroom/small-1.jpg
3 BHK Apartment / Flat for Sale,"Paschim Vihar, New Delhi",1.2Cr,Unfurnished,4th of 4 Floor,1250 Sq Ft.,Freehold,3,North-East,Ready to Move,https://www.propertiesguru.com/media/images/nopropertyimage.jpg
